acc,2021-07-19
nam-india,2021-07-19
hcltech,2021-07-19
mastek,2021-07-19
hdfclife,2021-07-19
controlpr,2021-07-19
indianb,2021-07-19
bajfinance,2021-07-20
tv18brdcst,2021-07-20
network18,2021-07-20
dcmshriram,2021-07-20
tirumalchm,2021-07-20
asianpaint,2021-07-20
newgen,2021-07-20
crisil,2021-07-20
itdc,2021-07-20
icicipruli,2021-07-20
514418,2021-07-20
syngene,2021-07-20
isec,2021-07-20
hathway,2021-07-21
sasken,2021-07-21
gland,2021-07-21
bajajfinsv,2021-07-21
rajratan,2021-07-21
shaktipump,2021-07-21
supremeind,2021-07-21
mahindcie,2021-07-21
polycab,2021-07-21
havells,2021-07-21
tanla,2021-07-21
mahscooter,2021-07-21
ceatltd,2021-07-21
rallis,2021-07-21
schaeffler,2021-07-21
jublfood,2021-07-21
gulpoly,2021-07-21
laxmimach,2021-07-21
tejasnet,2021-07-21
icicigi,2021-07-22
mphasis,2021-07-22
hindunilvr,2021-07-22
atfl,2021-07-22
wockpharma,2021-07-22
persistent,2021-07-22
canfinhome,2021-07-22
heidelberg,2021-07-22
chennpetro,2021-07-22
saregama,2021-07-22
biocon,2021-07-22
hindzinc,2021-07-22
mahabank,2021-07-22
oal,2021-07-22
iex,2021-07-22
vimtalabs,2021-07-22
bajaj-auto,2021-07-22
ultracemco,2021-07-22
indiamart,2021-07-22
bajajhldng,2021-07-22
csbbank,2021-07-22
southbank,2021-07-22
powerindia,2021-07-23
skfindia,2021-07-23
tatastlbsl,2021-07-23
yesbank,2021-07-23
ambujacem,2021-07-23
sbicard,2021-07-23
menonbe,2021-07-23
atul,2021-07-23
cybertech,2021-07-23
mcdowell-n,2021-07-23
crompton,2021-07-23
wendt,2021-07-23
fcl,2021-07-23
symphony,2021-07-23
majesco,2021-07-23
reliance,2021-07-23
neclife,2021-07-23
jswsteel,2021-07-23
federalbnk,2021-07-23
zfsteering,2021-07-24
icicibank,2021-07-24
itc,2021-07-24
gna,2021-07-24
mcx,2021-07-24
zentec,2021-07-24
lt,2021-07-26
m&mfin,2021-07-26
axisbank,2021-07-26
navinfluor,2021-07-26
vlsfinance,2021-07-26
vedl,2021-07-26
jsl,2021-07-26
visakaind,2021-07-26
zensartech,2021-07-26
grse,2021-07-26
glaxo,2021-07-26
kotakbank,2021-07-26
sbilife,2021-07-26
sparc,2021-07-26
apollopipe,2021-07-26
dlf,2021-07-26
philipcarb,2021-07-26
coromandel,2021-07-26
tatamotors,2021-07-26
kpittech,2021-07-26
aplltd,2021-07-26
snowman,2021-07-27
orienthot,2021-07-27
gmbrew,2021-07-27
kprmill,2021-07-27
shardacrop,2021-07-27
filatex,2021-07-27
ramcocem,2021-07-27
fosecoind,2021-07-27
granules,2021-07-27
canbk,2021-07-27
indigo,2021-07-27
ramcoind,2021-07-27
523229,2021-07-27
vstind,2021-07-27
torntpharm,2021-07-27
sanofi,2021-07-27
ktkbank,2021-07-27
dalbharat,2021-07-27
jaybarmaru,2021-07-27
drreddy,2021-07-27
ttkprestig,2021-07-27
mahlog,2021-07-27
maruti,2021-07-28
heritgfood,2021-07-28
mgl,2021-07-28
tciexp,2021-07-28
bsoft,2021-07-28
sagcem,2021-07-28
happstmnds,2021-07-28
intellect,2021-07-28
teamlease,2021-07-28
route,2021-07-28
ofss,2021-07-28
nrail,2021-07-28
grindwell,2021-07-28
nestleind,2021-07-28
tatacoffee,2021-07-28
sis,2021-07-28
greenpanel,2021-07-28
jmfinancil,2021-07-28
radico,2021-07-28
centurytex,2021-07-28
utiamc,2021-07-28
icra,2021-07-28
pfizer,2021-07-28
ubl,2021-07-28
techm,2021-07-29
geship,2021-07-29
lichsgfin,2021-07-29
deepakntr,2021-07-29
500239,2021-07-29
mhril,2021-07-29
shriramcit,2021-07-29
andhrapap,2021-07-29
ghcl,2021-07-29
502180,2021-07-29
fsl,2021-07-29
515043,2021-07-29
polymed,2021-07-29
mrpl,2021-07-29
stovekraft,2021-07-29
raymond,2021-07-29
lauruslabs,2021-07-29
vaibhavgbl,2021-07-29
prsmjohnsn,2021-07-29
tvsmotor,2021-07-29
bhel,2021-07-30
exideind,2021-07-30
tokyoplast,2021-07-30
daawat,2021-07-30
sunpharma,2021-07-30
zyduswell,2021-07-30
bluedart,2021-07-30
sunclayltd,2021-07-30
kansainer,2021-07-30
cholafin,2021-07-30
marico,2021-07-30
ioc,2021-07-30
rain,2021-07-31
sardaen,2021-07-31
idfcfirstb,2021-07-31
gael,2021-07-31
hdfc,2021-08-02
castrolind,2021-08-02
dabur,2021-08-03
everestind,2021-08-03
alkylamine,2021-08-03
iiflwam,2021-08-03
neulandlab,2021-08-03
tataconsum,2021-08-03
tastybite,2021-08-04
sonatsoftw,2021-08-04
godrejcp,2021-08-04
bluestarco,2021-08-04
cholahldng,2021-08-04
chamblfert,2021-08-04
boschltd,2021-08-04
sumichem,2021-08-04
escorts,2021-08-05
jchac,2021-08-05
tatapower,2021-08-06
indigopnts,2021-08-06
basf,2021-08-06
vrllog,2021-08-07
venkeys,2021-08-09
trent,2021-08-10
mothersumi,2021-08-10
cams,2021-08-10
sicagen,2021-08-11
endurance,2021-08-11
indoco,2021-08-11
punjabchem,2021-08-11
gsfc,2021-08-11
heromotoco,2021-08-12
3mindia,2021-08-12
vesuvius,2021-08-12
esabindia,2021-08-12
gnfc,2021-08-12
akzoindia,2021-08-13
tvtoday,2021-08-13
amarajabat,2021-08-14
jkcement,2021-08-14
